id,bidang,judul_lomba,more_info,tanggal_pendaftaran,deadline_pendaftaran,tingkat,lembaga_penyelenggara,narahubung,deskripsi,biaya_pendaftaran
1,bisnis,UGM Business Innovation,businessinnovation@ugm.ac.id,15-08-2022,05-09-2023,Universitas,Universitas Gadjah Mada,6281234567890,Kompetisi inovasi bisnis yang menantang mahasiswa untuk mengembangkan solusi kreatif terhadap masalah bisnis.,Rp 250.000
2,bisnis,UI BizMaster Challenge,bizmaster@ui.ac.id,10-05-2023,01-09-2023,Universitas,Universitas Indonesia,6282123456789,Lomba tahunan yang menguji keterampilan analitis dan strategis mahasiswa dalam menyelesaikan kasus bisnis.,Rp 300.000
3,bisnis,ITS Business Challenge,businesschallenge@its.ac.id,25-04-2021,15-09-2021,Universitas,Institut Teknologi Sepuluh November,6281432109876,Tantangan bisnis yang dirancang untuk memfasilitasi pengembangan keterampilan kewirausahaan mahasiswa.,Rp 200.000
4,bisnis,UNDIP Entrepreneurship,entrepreneurship@undip.ac.id,18-03-2024,08-09-2024,Universitas,Universitas Diponegoro,6281765432190,Acara yang mendorong mahasiswa untuk merancang dan mengimplementasikan ide-ide bisnis yang berkelanjutan.,Rp 150.000
5,bisnis,IPB AgriBusiness Competition,agribusiness@ipb.ac.id,12-11-2023,02-03-2024,Universitas,Institut Pertanian Bogor,6281098765432,"Kompetisi yang mendorong inovasi di sektor agribisnis, dengan fokus pada solusi berkelanjutan.",Rp 175.000
6,bisnis,UNPAD Business Expo,businessexpo@unpad.ac.id,05-08-2023,28-08-2023	,Universitas,Universitas Padjajaran,6281327000205,Pameran yang memberikan platform bagi mahasiswa untuk menampilkan dan menguji ide bisnis mereka.,Rp 100.000
7,bisnis,UB Entrepreneur Fair,entrepreneurfair@ub.ac.id,10-04-2022,31-08-2022,Universitas,Universitas Brawijaya,6281543210987,Acara yang mengumpulkan pemikir bisnis muda untuk mengembangkan dan mempresentasikan rencana bisnis.,Rp 125.000
8,bisnis,UNHAS Start-Up Competition,startup@unhas.ac.id	,28-08-2021	,18-09-2021	,Universitas,Universitas Hasanudin,6281456789012,Lomba untuk startup yang memberikan kesempatan bagi para inovator untuk menunjukkan ide bisnis mereka.,Rp 130.000
9,bisnis,UNS Business Plan,businessplan@uns.ac.id,22-06-2021,10-09-2022,Universitas,Universitas Sebelas Maret,6281987654321,Lomba yang menantang peserta untuk mengembangkan rencana bisnis yang solid dan layak secara komersial.,Rp 110.000
10,it,UGM ITFest	,https://www.find-it.id/,21-3-2024,1-5-2024,Universitas,Universitas Gadjah Mada,6281953524196,"Festival TI yang mencakup kompetisi, lokakarya, dan pameran untuk meningkatkan keterampilan teknologi.",Rp 160.000
11,it,Compfest UI	,https://compfest.id/,24-6-2024,25-7-2024,Universitas,Universitas Indonesia,6281123456789,Kompetisi teknologi terbesar di UI yang mengundang inovator IT untuk berkompetisi dalam pengembangan solusi teknis.,Rp 190.000
12,it,USU IT Fair,bit.ly/USUITFair2023	,07-03-2023,29-08-2023,Universitas,Universitas Sumatera Utara,6281678901234,Pameran IT yang menampilkan teknologi terbaru dan mengadakan kompetisi dalam pengembangan perangkat lunak.,Rp 180.000
13,it,ITS Technofest,technofest@its.ac.id,25-05-2022,15-09-2022,Universitas,Institut Teknologi Sepuluh November,6281432109876,Festival teknologi tahunan yang menampilkan inovasi dan kompetisi dalam berbagai bidang IT.,Rp 210.000
14,it,UNDIP Tech Innovation,techinnovation@undip.ac.id,18-04-2023,08-09-2023,Universitas,Universitas Diponegoro,6281765432190,Lomba inovasi teknologi yang mendorong mahasiswa untuk menciptakan solusi yang berkelanjutan dan efektif.,Rp 200.000
15,it,UNHAS Cyber Competition,cybercomp@unhas.ac.id,28-08-2024,18-09-2024	,Universitas,Universitas Hasanudin,6281456789012,Kompetisi keamanan siber yang menantang peserta untuk mengamankan sistem dari serangan cyber.,Rp 220.000
16,it,IPB IT Competition	,itcompetition@ipb.ac.id,12-11-2023,02-03-2024,Universitas,Institut Pertanian Bogor,6281098765432,Kompetisi IT yang mengajak mahasiswa untuk mengembangkan aplikasi dan solusi berbasis teknologi terkini.,Rp 250.000
17,it,UB IT Olympiad,itolympiad@ub.ac.id,10-04-2021,31-08-2021,Universitas,Universitas Brawijaya,6281543210987,Olimpiade IT yang menguji keterampilan dan pengetahuan mahasiswa dalam berbagai cabang teknologi informasi.,Rp 225.000
18,it,UNS IT Expo,itexpo@uns.ac.id,22-07-2021,10-09-2021,Universitas,Universitas Sebelas Maret,6281987654321,Pameran teknologi yang menyajikan kemajuan terbaru di bidang IT dan menyediakan workshop bagi peserta.,Rp 175.000
19,it,UNPAD IT Challenge,itchallenge@unpad.ac.id,05-06-2022,28-08-2022	,Universitas,Universitas Padjajaran,6281327000205,Tantangan IT yang mendorong peserta untuk menemukan solusi inovatif dalam mengatasi masalah teknologi.,Rp 165.000
20,essay,UGM Essay Competition,essaycomp@ugm.ac.id,15-03-2021,05-09-2022,Universitas,Universitas Gadjah Mada,6281234567890,Lomba menulis esai yang menantang mahasiswa untuk mengemukakan pandangan mereka tentang isu global.,Rp 150.000
21,essay,UI Essay Fest,essayfest@ui.ac.id,22-07-2023	,15-09-2023	,Universitas,Universitas Indonesia,6281123456789,Festival esai tahunan yang menekankan pada kreativitas dan penelitian mendalam di berbagai topik.,Rp 160.000
22,essay,UI Essay Writing,http://bit.ly/CompfestEssay2023,20-08-2023,12-09-2023,Universitas,Universitas Indonesia,6281123456789,Kompetisi menulis yang mengundang mahasiswa untuk menyumbangkan esai tentang inovasi dan teknologi.,Rp 140.000
23,essay,UNDIP National Essay,http://bit.ly/UNDIPNEssay,18-04-2023,08-09-2023,Universitas,Universitas Diponegoro,6281765432190,Lomba esai nasional yang menyoroti isu-isu kontemporer dan mempromosikan diskusi intelektual.,Rp 175.000
24,essay,IPB Agriculture Essay,agressay@ipb.ac.id,12-11-2023,02-03-2024,Universitas,Institut Pertanian Bogor,6281098765432,Kompetisi menulis yang berfokus pada sektor pertanian dan bagaimana inovasi dapat membantu pembangunan berkelanjutan.,Rp 180.000
25,essay,UNPAD Essay Competition,http://bit.ly/UNPADEssay,05-06-2022,28-08-2022,Universitas,Universitas Padjajaran,6281327000205,Lomba esai yang menguji kemampuan analisis dan argumentasi mahasiswa terhadap isu-isu sosial dan ekonomi.,Rp 130.000
26,essay,UNS Essay Challenge,essaychallenge@uns.ac.id	,22-07-2024,10-09-2024,Universitas,Universitas Sebelas Maret,6281987654321,Tantangan esai yang menantang peserta untuk mengatasi masalah sosial melalui solusi berbasis penelitian.,Rp 120.000
27,essay,ITS Essay Writing Competition	,essaywriting@its.ac.id,25-05-2021,15-09-2021,Universitas,Institut Teknologi Sepuluh November,6281432109876,Lomba menulis yang mengajak mahasiswa untuk mengeksplorasi solusi untuk isu lingkungan melalui esai.,Rp 110.000
28,essay,UB Social Essay Competition	,socialessay@ub.ac.id,10-04-2023,31-08-2023	,Universitas,Universitas Brawijaya,6281543210987,Kompetisi esai yang mengajak partisipan untuk mendiskusikan isu sosial dan memberikan solusi yang praktis.,Rp 115.000
29,essay,UNHAS Essay Writing,essaywriting@unhas.ac.id,28-08-2024,18-09-2024,Universitas,Universitas Hasanudin,6281456789012,Lomba menulis yang mengundang esai tentang berbagai tema yang berkaitan dengan pembangunan sosial dan kebudayaan.,Rp 125.000
30,poster,ITS Environmental Poster,bit.ly/PosterITS2024,28-08-2024,18-09-2024,Universitas,Institut Teknologi Sepuluh November,6281456789012,"Kompetisi poster yang fokus pada tema lingkungan, mendorong kesadaran dan solusi kreatif untuk isu lingkungan.",Rp 100.000
31,poster,UNPAD Cultural Poster Challenge,http://bit.ly/UNPADCulturalPoster2022,05-06-2022,28-08-2022,Universitas,Universitas Padjajaran,6281327000205,Tantangan desain poster yang merayakan dan menggali kebudayaan melalui ekspresi visual.,Rp 110.000
32,poster,UB Art Poster Contest,artposter@ub.ac.id	,10-04-2023,31-08-2023,Universitas,Universitas Brawijaya,6281543210987,Kontes seni poster yang mengundang kreativitas dalam menginterpretasikan tema seni dan budaya melalui desain grafis.,Rp 120.000
33,poster,ITS Green Poster Competition,greenposter@its.ac.id,25-05-2022,15-09-2022,Universitas,Institut Teknologi Sepuluh November,6281432109876,Lomba poster yang mendorong partisipan untuk menciptakan karya yang mempromosikan kelestarian lingkungan.,Rp 130.000
34,poster,UNDIP Sustainable Poster,http://bit.ly/UNDIPSustainablePoster2023,18-04-2023	,08-09-2023,Universitas,Universitas Diponegoro,6281765432190,Kompetisi desain poster yang bertujuan meningkatkan kesadaran tentang keberlanjutan melalui seni grafis.,Rp 140.000
35,poster,UNHAS Eco Poster Competition,ecoposter@unhas.ac.id	,28-08-2024,18-09-2024,Universitas,Universitas Hasanudin,6281456789012,"Kompetisi desain poster yang fokus pada isu-isu ekologi, mengajak peserta untuk menggali solusi kreatif.",Rp 150.000
36,poster,UNS Poster & Visual Design,posterdesign@uns.ac.id,22-07-2023	,10-09-2023,Universitas,Universitas Sebelas Maret,6281987654321,Lomba desain poster dan visual yang mempromosikan inovasi dan kreativitas dalam komunikasi visual.,Rp 160.000
37,poster,USU Social Poster Contest,"http://bit.ly/USUSocialPoster2022
",07-03-2022,29-08-2022	,Universitas,Universitas Sumatera Utara,6281678901234,Kontes poster yang mengajak peserta untuk mengatasi masalah sosial melalui desain poster yang berdampak.,Rp 170.000
38,poster,IPB Agro Poster Competition,"http://bit.ly/IPBAgroPoster2024
",12-11-2023,02-03-2024,Universitas,Institut Pertanian Bogor,6281098765432,"Kompetisi poster yang berfokus pada pertanian berkelanjutan, mengajak peserta untuk menggambarkan inovasi agrikultur.",Rp 180.000
39,poster,UGM Cultural Heritage Poster,heritageposter@ugm.ac.id	,12-03-2023,25-09-2023,Universitas,Universitas Gadjah Mada,6281234567890,Lomba desain poster yang merayakan warisan budaya melalui kreativitas visual dan desain grafis.,Rp 190.000
40,videografi,UGM Creative Video Contest,videocontest@ugm.ac.id,10-04-2023,01-09-2023,Universitas,Universitas Gadjah Mada,6281234567890,Kontes video kreatif yang mengajak peserta untuk mengekspresikan ide-ide inovatif melalui media visual.,Rp 200.000
41,videografi,UI Film & Video Festival,uifilmfestival@ui.ac.id,15-06-2024,05-09-2024,Universitas,Universitas Indonesia,6281123456789,Festival film dan video yang menampilkan karya dari talenta muda di bidang sinematografi dan produksi video.,Rp 250.000
42,videografi,UNS Short Film Competition,shortfilm@uns.ac.id,22-07-2023,12-09-2023,Universitas,Universitas Sebelas Maret,6281987654321,Kompetisi film pendek yang menantang kreativitas peserta dalam menyampaikan cerita melalui visual yang menarik.,Rp 220.000
43,videografi,ITS Video Innovation Challenge,videoinnovation@its.ac.id,12-05-2023,25-09-2023,Universitas,Institut Teknologi Sepuluh November,6281432109876,Tantangan inovasi video yang menguji kemampuan peserta dalam menciptakan konten yang edukatif dan inovatif.,Rp 230.000
44,videografi,UNDIP Visual Media Competition,visualmedia@undip.ac.id,20-04-2024,10-09-2024,Universitas,Universitas Diponegoro,6281765432190,Kompetisi media visual yang mempromosikan penggunaan teknologi dalam penciptaan karya seni.,Rp 240.000
45,videografi,IPB Agrimedia Video Contest,agrimediavideo@ipb.ac.id,18-11-2023,02-04-2024,Universitas,Institut Pertanian Bogor,6281098765432,"Kontes video yang fokus pada tema pertanian, mengeksplorasi cara-cara kreatif untuk mempromosikan agrikultur.",Rp 210.000
46,videografi,UNPAD Documentary Competition,documentary@unpad.ac.id,10-06-2022,20-09-2022,Universitas,Universitas Padjajaran,6281327000205,Lomba dokumenter yang mengundang peserta untuk menggali cerita mendalam dan menyajikan dalam bentuk dokumenter.,Rp 200.000
47,videografi,UB Video Creativity Competition,videocreation@ub.ac.id,05-04-2022,15-09-2022,Universitas,Universitas Brawijaya,6281543210987,Kompetisi kreativitas video yang mengajak peserta untuk mengembangkan konsep unik dan menghasilkan karya orisinal.,Rp 190.000
48,videografi,UNHAS Cinematic Challenge,cinematic@unhas.ac.id,28-08-2024,18-09-2024,Universitas,Universitas Hasanudin,6281456789012,Tantangan sinematik yang mendorong pembuatan film yang memperkaya wawasan tentang budaya dan sosial.,Rp 180.000
49,videografi,USU Visual Storytelling Contest,visualstory@usu.ac.id,12-03-2023,29-08-2023,Universitas,Universitas Sumatera Utara,6281678901234,Kontes storytelling visual yang mengeksplorasi cara baru dalam menceritakan kisah melalui media visual.,Rp 170.000
50,videografi,UNJ Video Documentary Competition,videodoc@unj.ac.id,15-05-2023,15-08-2023,Universitas,Universitas Negeri Jakarta,6281876543210,Kompetisi dokumenter yang mengajak peserta untuk menyelidiki dan menyajikan tema penting secara mendalam.,Rp 160.000
51,bisnis,TECFEST 2024 National Business Competition : Business Case Competition,https://drive.google.com/drive/folders/1flC0zDGGJ-L9X8-Ho0GRmpoD__TiX8Em,29-07-2024,07-08-2024,Universitas,Institut Teknologi Bandung,6282738201922,Lomba kasus bisnis yang menantang peserta untuk mengembangkan dan mempresentasikan solusi bisnis yang inovatif.,Rp 150.000
52,bisnis,TECFEST 2024 National Business Competition : Business Plan Competition,https://drive.google.com/file/d/1VLuePIlxeKGlVlsy2Dyy681Jpfs-EXdw/view,29-07-2024,07-08-2024,Universitas,Institut Teknologi Bandung,6281234749495,Kompetisi perencanaan bisnis yang menguji kemampuan peserta dalam menyusun dan mempertahankan rencana bisnis.,Rp 140.000
53,bisnis,MSS Consulting Case Challenge,bit.ly/BookletMCC2024,15-08-2024,07-09-2024,Universitas,Universitas Indonesia,6281327000205,Tantangan konsultasi kasus yang mengajak peserta untuk menyelesaikan studi kasus nyata dari industri.,Rp 130.000
54,bisnis,Youngpreneur X CBCC : Business Case Competition,https://linktr.ee/youngpreneurcomp,19-08-2024,28-09-2024,Universitas,Universitas Brawijaya,628124353729,Kompetisi kasus bisnis yang menargetkan inovasi dan solusi kreatif dalam bidang bisnis dan kewirausahaan.,Rp 120.000
55,bisnis,Youngpreneur X CBCC : Business Plan Competition,https://linktr.ee/youngpreneurcomp,19-08-2024,13-09-2024,Universitas,Universitas Brawijaya,628162537910,Lomba rencana bisnis yang menguji kemampuan peserta dalam mengembangkan dan mempertahankan proposal bisnis.,Rp 110.000
56,bisnis,Youngpreneur X CBCC : Business Model Canvas,https://linktr.ee/youngpreneurcomp,14-08-2024,02-09-2024,Universitas,Universitas Brawijaya,628127373940,Kontes model bisnis yang mendorong peserta untuk merancang dan mempresentasikan model bisnis yang efektif.,Rp 100.000
57,bisnis,Futurest Business Case Competition,its.id/m/FBCC2023,28-12-2023,05-02-2024,Universitas,Institut Teknologi Sepuluh November,628127623691,Lomba kasus bisnis dengan fokus pada inovasi dan strategi bisnis untuk masa depan.,Rp 90.000
58,bisnis,Sebelas Maret Business Case Competition,https://uns.id/SMBCC24PreliminaryGuidebook,25-07-2024,11-08-2024,Universitas,Universitas Sebelas Maret,6282139473920,"Kompetisi kasus bisnis yang menguji kemampuan peserta dalam analisis, strategi, dan eksekusi dalam lingkungan bisnis.",Rp 80.000
59,bisnis,Economic Finance Fabulous Project 2024 Business case,11theffect.carrd.co,10-07-2024,22-07-2024,Universitas,Universitas Diponegoro,6281234562718,Proyek kasus yang menantang peserta untuk mengembangkan solusi untuk masalah bisnis aktual.,Rp 70.000
60,bisnis,International Company Case and Conference,link.tree/idsc2023,17-08-2024,24-08-2024,Universitas,IDSC,628172637190,Konferensi dan kompetisi kasus yang menarik partisipasi internasional untuk membahas dan memecahkan kasus bisnis.,Rp 60.000
61,it,Google Code Jam 2022,https://codingcompetitionsonair.withgoogle.com/,01-04-2022,05-08-2022,Internasional,Google,626363728100,Kompetisi pemrograman global yang mengajak pengembang dari seluruh dunia untuk menyelesaikan tantangan algoritmik yang kompleks.,Rp 350.000
62,it,Facebook Hacker Cup 2023,https://web.facebook.com/codingcompetitions/hacker-cup?_rdc=1&_rdr,13-07-2023,18-08-2023,Internasional,Facebook,623929013739,Tantangan pemrograman yang diadakan oleh Facebook untuk menguji kemampuan dan kecepatan pemrograman para peserta secara internasional.,Rp 300.000
63,it,Microsoft Imagine Cup 2023,https://imaginecup.microsoft.com/en-us,10-09-2022,10-02-2023,Internasional,Microsoft,623838381010,Kompetisi teknologi global yang mendorong inovasi di kalangan pelajar untuk menciptakan aplikasi yang dapat mengubah dunia.,Rp 250.000
64,it,NYU Cybersecurity Awareness Worldwide Capture the Flag (CSAW CTF) 2023,https://www.csaw.io/ctf,01-08-2023,01-10-2023,Internasional,csaw,623838811001,Kompetisi keamanan siber yang menantang peserta untuk menemukan dan memanfaatkan kerentanan dalam sistem yang disimulasikan.,Rp 400.000
65,it,Google Kick Start 2023,kickstart-support@google.com,01-01-2023,10-03-2023,Internasional,Google,623747299201,Seri kompetisi pemrograman yang diadakan oleh Google untuk membawa komunitas pemrograman global bersama.,Rp 450.000
66,it,Turing Cup 2023,https://www.turing.com/,01-03-2023,05-07-2023,Internasional,Turing,62384982981,Kompetisi yang menguji kemampuan pemrograman dan pemecahan masalah dalam format kompetitif.,Rp 375.000
67,it,Hash Code by Google 2023,https://gdg.community.dev/events/details/google-gdg-north-lebanon-presents-hash-code-24-february-register-now/,12-01-2023,24-02-2023,Internasional,Google,623819010100,Lomba pemrograman yang mengundang komunitas pengembang untuk menyelesaikan masalah pemrograman dalam tim.,Rp 425.000
68,it,ACM CHI Student Game Competition 2023,https://chi2024.acm.org/for-authors/student-design-competition/,01-10-2023,08-12-2023,Internasional,ACM,623838930100,Kompetisi desain permainan untuk mahasiswa yang mendorong inovasi dan kreativitas dalam pengembangan permainan.,Rp 500.000
69,it,MIT Reality Virtually Hackathon 2020,https://www.mitrealityhack.com/,20-10-2019,08-12-2023,Internasional,Massachusetts Institute of Technology,6237480101,Hackathon yang menantang peserta untuk mengembangkan solusi VR/AR yang dapat diterapkan dalam berbagai bidang.,Rp 550.000
70,it,NVIDIA AI Challenge 2022,https://www.aicitychallenge.org/,01-07-2022,15-08-2022,Internasional,NVIDIA,62733391910,Tantangan yang mengundang peneliti dan pengembang untuk menerapkan AI dalam lalu lintas kota dan analisis video.,Rp 600.000
71,videografi,Lomba Videografi Nasional,https://ipb.link/panduan-lomba-videografi-fbbbn2023,26-07-2024,08-08-2024,Nasional,Institut Pertanian Bogor,628123568877,Lomba videografi yang mengundang para pembuat film untuk menunjukkan kemampuan mereka dalam membuat video yang inovatif.,Rp 350.000
72,videografi,Austin Film Festival - Short Film Competition,https://austinfilmfestival.com/?gad_source=1&gclid=CjwKCAjwlbu2BhA3EiwA3yXyu3xojwN4z3Pzd3jV41IlbUchw3hbfNCUfni3mEhvI9EpHmDpZrhD_hoCwKMQAvD_BwE,26-07-2024,08-08-2024,Internasional,Austin Fest,62388303101,"Kompetisi film pendek yang diadakan di Festival Film Austin, mendorong pembuat film untuk menampilkan kreativitas mereka.",Rp 300.000
73,videografi,Raindance Film Festival - Shorts Competition,https://raindance.org/,26-07-2024,08-08-2024,Internasional,Raindance,6283811001001,"Festival film yang terkenal dengan kompetisi film pendek, menantang pembuat film untuk menunjukkan karya terbaik mereka.",Rp 450.000
74,videografi,Chicago International Film Festival - Short Film Competition,https://www.chicagofilmfestival.com/,26-07-2024,08-08-2024,Internasional,CIFF,6238380282829,Lomba film pendek internasional yang menampilkan karya-karya terbaik dari pembuat film di seluruh dunia.,Rp 400.000
75,videografi,London Short Film Festival,https://www.shortfilms.org.uk/,26-07-2024,08-08-2024,Internasional,London Film Festival,6283918820100,Festival film yang mendorong pembuat film independen untuk menunjukkan karya mereka dalam berbagai genre dan format.,Rp 500.000
76,videografi,Annecy International Animation Film Festival - Short Film Competition,https://www.annecyfestival.com/,26-07-2024,08-08-2024,Internasional,Annecy,6283839180820,"Kompetisi film pendek animasi yang merupakan bagian dari Festival Animasi Annecy, salah satu acara terbesar dan paling bergengsi di dunia untuk animasi. Kompetisi ini terbuka bagi pembuat film dari seluruh dunia yang mengirimkan film animasi berdurasi pendek.",Rp 140.000
77,videografi,PEN America Screenwriting and Video Competition,https://pen.org/,26-07-2024,08-08-2024,Internasional,PEN,6273738819310,"Lomba yang diselenggarakan oleh PEN America, sebuah organisasi nirlaba yang fokus pada kebebasan berekspresi dalam literatur dan seni.",Rp 370.000
78,videografi,Palm Springs International ShortFest,https://www.psfilmfest.org/,26-07-2024,08-08-2024,Internasional,International ShortFest,627318198282,"Festival film pendek terbesar di Amerika Serikat, Palm Springs ShortFest mempersembahkan karya film pendek dari seluruh dunia. Kompetisi ini memberikan kesempatan kepada sutradara untuk menampilkan karyanya dan mendapatkan penghargaan.",Rp 280.000
79,videografi,Encounters Film Festival,https://www.encounters.film/,26-07-2024,08-08-2024,Internasional,Encounters,628398128109,Encounters adalah festival film pendek dan animasi di Inggris yang memberikan penghargaan kepada karya sinematik inovatif dan kreatif. Fokusnya pada film pendek dan animasi yang berkualitas.,Rp 190.000
80,videografi,Tribeca Film Festival - Tribeca X Award,https://www.tribecafilm.com/,26-07-2024,08-08-2024,Internasional,Tribeca,628391829830,"Penghargaan ini menghargai film pendek yang dibiayai oleh merek, dengan karya yang menggabungkan kreativitas artistik dan tujuan komersial. Tribeca X Award bagian dari Tribeca Film Festival.",Rp 430.000
81,poster,International Poster Biennale in Warsaw,https://warsawposterbiennale.com/,05-04-2023,06-05-2023,Internasional,Warsaw poster,627373838191,"Biennale ini merupakan acara dua tahunan yang diadakan di Warsawa, Polandia, dan menjadi ajang bagi desainer grafis untuk memamerkan karya poster mereka yang paling kreatif dan inovatif.",Rp 320.000
82,poster,Posterheroes - International Poster Competition,https://www.posterheroes.org/,05-04-2023,06-05-2023,Internasional,posterheroes,627373388391,"Kompetisi poster internasional yang berfokus pada isu sosial. Setiap tahun, peserta diajak untuk merancang poster yang membahas tema sosial yang relevan dengan tujuan menginspirasi perubahan.",Rp 210.000
83,poster,Golden Turtle - Ecoposter Contest,https://wncontest.ru/en/design/,05-04-2023,06-05-2023,Internasional,golden turtle,62383781919,"Kompetisi poster yang menekankan pada kesadaran lingkungan. Kontes ini adalah bagian dari Golden Turtle Festival, sebuah acara internasional yang berfokus pada isu lingkungan dan konservasi alam.",Rp 110.000
84,poster,Graphic Matters - Open Call Poster Competition,https://graphicmatters.nl/,05-04-2023,06-05-2023,Internasional,graphic matters,62833939910,Kompetisi ini mengundang desainer grafis untuk mengirimkan karya poster yang berkaitan dengan isu-isu komunikasi visual. Kompetisi ini terbuka untuk segala jenis poster dengan tema yang bebas.,Rp 460.000
85,poster,Mut zur Wut - International Poster Competition,https://mutzurwut.com/,05-04-2023,06-05-2023,Internasional,mut zur wut,628383100019,"Kompetisi poster internasional yang berasal dari Jerman. Nama ""Mut zur Wut"" berarti ""Berani untuk Marah,"" mengajak peserta untuk merespons isu sosial dengan cara yang provokatif melalui seni poster.",Rp 250.000
86,poster,Poster For Tomorrow - International Poster Competition,https://www.posterfortomorrow.org/,05-04-2023,06-05-2023,Internasional,poster for tomorrow,6283831991919,Kompetisi tahunan yang menekankan pada hak asasi manusia. Peserta diundang untuk membuat poster yang mendukung kebebasan dan hak-hak universal manusia dengan tema yang berbeda setiap tahunnya.,Rp 350.000
87,poster,World Biennial Exhibition of Student Poster Novi Sad,https://www.studentbiennial-ns.com/,05-04-2023,06-05-2023,Internasional,world biennial ,62838371881,"Biennale ini diselenggarakan di Novi Sad, Serbia, dan dikhususkan bagi mahasiswa desain grafis. Kompetisi ini merayakan kreativitas generasi muda dalam bidang desain poster.",Rp 160.000
88,poster,TPT Festival - International Competition of Political Posters,https://tpt.net.pl/,05-04-2023,06-05-2023,Internasional,TPT,6286117881919,Kompetisi poster politik internasional yang menyoroti tema-tema politik kontemporer. Para desainer diundang untuk mengekspresikan pandangan politik mereka melalui media poster.,Rp 400.000
89,poster,Luzerner Theater Poster Competition,https://www.luzernertheater.ch/,05-04-2023,06-05-2023,Internasional,Luzerner,62738383919,"Kompetisi ini diadakan oleh Luzerner Theater, Swiss. Peserta diminta merancang poster yang menarik perhatian untuk promosi berbagai produksi teater.",Rp 290.000
90,poster,Ecuador Poster Bienal,https://ecuadorposterbienal.com/,05-04-2023,06-05-2023,Internasional,Ecuador Bienal,62838849419,"Biennale ini merupakan ajang internasional bagi desainer untuk menunjukkan kreativitas mereka dalam desain poster dengan berbagai tema, seperti budaya, lingkungan, dan sosial.",Rp 120.000
91,essay,EcoFinsc Essay Competition,bit.ly/RegistrationFINEST2024,12-06-2024,12-07-2024,Universitas,Universitas Diponegoro,62623689191,Kompetisi esai yang menekankan pada isu keberlanjutan dan ekologi. Peserta diminta untuk menulis esai yang berfokus pada bagaimana mencapai keseimbangan antara pembangunan ekonomi dan pelestarian lingkungan.,Rp 330.000
92,essay,Commonwealth Essay Competition,https://www.royalcwsociety.org/essay-competition/qcec2024,08-09-2023,18-10-2023,Internasional,Commonwealth SOciety,6263738910,"Kompetisi esai tertua dan terbesar di dunia, diselenggarakan oleh The Royal Commonwealth Society. Kompetisi ini terbuka untuk anak-anak muda di negara-negara anggota Commonwealth dengan tema yang berhubungan dengan isu-isu global.",Rp 500.000
93,essay,John Locke Institute Essay Competition,https://www.johnlockeinstitute.com/essay-competition,08-09-2023,18-10-2023,Internasional,Locke Institute,63848482002,"Kompetisi esai internasional yang didedikasikan untuk siswa yang tertarik pada filsafat, politik, ekonomi, dan sejarah. Esai-esai yang diajukan harus menunjukkan kedalaman pemikiran dan analisis kritis.",Rp 230.000
94,essay,International Essay Contest for Young People by Goi Peace Foundation,https://www.goipeace.or.jp/en/work/essay-contest/,08-09-2023,18-10-2023,Internasional,Goi Peace Foundation,623838811001,Kompetisi esai internasional yang diselenggarakan oleh Goi Peace Foundation bertujuan untuk mempromosikan pemikiran dan tindakan menuju perdamaian dunia. Kontes ini terbuka untuk peserta muda dari seluruh dunia.,Rp 100.000
95,essay,The Queenâ€™s Commonwealth Essay Competition,https://www.royalcwsociety.org/essay-competition,08-09-2023,18-10-2023,Internasional,Queens Commonwealth,62834780910,"Kompetisi esai yang diselenggarakan oleh Ratu Inggris untuk anggota negara-negara Commonwealth. Peserta diminta untuk menulis tentang topik yang mengangkat nilai-nilai bersama, kebudayaan, dan masalah sosial",Rp 450.000
96,essay,The Royal Economic Society Essay Competition,https://res.org.uk/,08-09-2023,18-10-2023,Internasional,Royal Economic,62733801010,Kompetisi esai tahunan yang mengundang siswa dari seluruh dunia untuk menulis tentang isu-isu ekonomi. Kompetisi ini bertujuan untuk mendorong pemahaman mendalam tentang ekonomi.,Rp 260.000
97,essay,Global Changemakers Essay Competition,https://www.global-changemakers.net/,08-09-2023,18-10-2023,Internasional,Global Changemakers,62818278289,"Kompetisi ini mengundang kaum muda untuk menulis esai yang menyuarakan ide-ide perubahan sosial di berbagai sektor seperti lingkungan, pendidikan, dan hak asasi manusia.",Rp 380.000
98,essay,Atlas Shrugged Essay Contest by Ayn Rand Institute,https://aynrand.org/students/essay-contests/atlas-shrugged/?utm_term=scholarship%20essay&utm_campaign=Atlas%2BEssay%2BContest%2B2023%2BV2&utm_source=adwords&utm_medium=ppc&hsa_acc=3459301704&hsa_cam=19749898058&hsa_grp=147344513500&hsa_ad=649719682711&hsa_src=g&hsa_tgt=kwd-17629711&hsa_kw=scholarship%20essay&hsa_mt=b&hsa_net=adwords&hsa_ver=3&gad_source=1&gclid=CjwKCAjwlbu2BhA3EiwA3yXyu48XfXsJCLrCMW4d48y4w9Nc81hHV4fC9Tz2BTVViCo-MQy0-y3qSBoCBnAQAvD_BwE,08-09-2023,18-10-2023,Internasional,Ayn rand Institute,62738381001,"Kompetisi esai yang diselenggarakan oleh Ayn Rand Institute, meminta peserta untuk menganalisis tema dan karakter dalam novel Ayn Rand ""Atlas Shrugged"".",Rp 170.000
99,essay,Global Essay Competition by St. Gallen Symposium,https://symposium.org/,08-09-2023,18-10-2023,Internasional,St Gallen Symposium,62338838381,"Kompetisi esai internasional yang diadakan oleh St. Gallen Symposium untuk mahasiswa, bertujuan untuk mengumpulkan ide-ide inovatif yang dapat mengatasi tantangan global.",Rp 420.000
100,essay,New York Times Student Editorial Contest,https://www.nytimes.com/,08-09-2023,18-10-2023,Internasional,NY Times,62374773819,Kompetisi ini mengundang siswa untuk menulis editorial tentang topik-topik yang relevan dengan kondisi saat ini. Peserta didorong untuk menulis opini yang mendalam dan berbasis fakta.,Rp 310.000
101,bisnis,StudentxCEOs 13th GrandSummit,linktr.ee/sxcgrandsummit13,06-04-2024,12-05-2024,Nasional,StudentsxCEOs,6281234567890,"Sebuah kompetisi dan acara besar yang diselenggarakan oleh StudentxCEOs, dengan tujuan menghubungkan pemimpin masa depan dengan perusahaan dan industri. Ajang ini terdiri dari berbagai kompetisi terkait kepemimpinan dan bisnis.",Rp 240.000
102,bisnis,Startup Pitch Competition,contact@startuphub.org,05-01-2024,28-02-2024,Internasional,Startup Hub International,6281123456789,Kompetisi di mana pengusaha pemula mempresentasikan ide startup mereka di depan juri untuk mendapatkan pendanaan atau dukungan lainnya. Kompetisi ini bertujuan menemukan inovasi bisnis baru yang potensial.,Rp 360.000
103,bisnis,Investment Strategy Contest,info@investmentinstitute.org,10-01-2024,15-03-2024,Nasional,Investment Strategy Institute,6282234567890,Kompetisi yang menantang peserta untuk mengembangkan dan mempresentasikan strategi investasi yang efektif dalam berbagai kondisi pasar.,Rp 130.000
104,bisnis,Marketing Innovation Challenge,marketingforum@excellence.org,15-01-2024,15-04-2024,Nasional,Marketing Excellence Forum,6282123456789,Lomba yang meminta peserta untuk mengusulkan solusi pemasaran inovatif dan kreatif yang dapat meningkatkan daya saing suatu produk atau merek.,Rp 390.000
105,bisnis,Financial Analysis Competition,finance@globalnetwork.org,01-02-2024,30-04-2024,Internasional,Global Finance Network,6282345678901,Kompetisi yang menguji kemampuan peserta dalam menganalisis data keuangan dan membuat keputusan berdasarkan analisis tersebut.,Rp 200.000
106,bisnis,Business Model Competition,info@businessmodel.org,10-02-2024,15-05-2024,Nasional,Business Model Foundation,6281245678901,Lomba di mana peserta diminta untuk merancang model bisnis yang inovatif dan berkelanjutan untuk sebuah produk atau layanan.,Rp 480.000
107,bisnis,Entrepreneurial Ideas Challenge,club@entrepreneurial.org,01-03-2024,30-06-2024,Nasional,Entrepreneurial Club,6281134567890,Kompetisi yang bertujuan mencari ide-ide kewirausahaan yang kreatif dan memiliki potensi untuk dikembangkan menjadi usaha yang sukses.,Rp 270.000
108,bisnis,Management Case Study Competition,contact@managementsociety.org,15-03-2024,15-07-2024,Internasional,International Management Society,6282145678901,Lomba yang menguji kemampuan peserta dalam menganalisis dan menyelesaikan studi kasus manajemen yang kompleks.,Rp 180.000
109,2024,Digital Marketing Competition,info@digitalmarketing.org,01-04-2024,31-07-2024,Nasional,Digital Marketing Institute,6282256789012,Kompetisi yang menilai keterampilan peserta dalam merancang dan mengimplementasikan strategi pemasaran digital yang efektif.,Rp 440.000
110,bisnis,Corporate Strategy Challenge,strategy@network.org,10-04-2024,15-08-2024,Internasional,Corporate Strategy Network,6281267890123,Lomba yang meminta peserta untuk merumuskan dan mempresentasikan strategi korporat yang dapat membantu perusahaan mencapai tujuan jangka panjangnya.,Rp 340.000
111,it,Investment Festival (INFEST),infestitb2024.com,13-07-2024,20-07-2024,Universitas,Kelompok Studi Ekonomi dan Pasar Modal ITB,6281145678901,"Festival yang berfokus pada berbagai aspek investasi, termasuk kompetisi strategi investasi dan presentasi oleh para ahli di bidangnya.",Rp 150.000
112,it,ASEAN Data Science Explorers 2024,aseandse.org,15-01-2024,15-04-2024,Internasional,ASEAN,6281678901234,Kompetisi data sains yang mengajak peserta dari negara-negara ASEAN untuk menganalisis data dan menemukan wawasan yang bermanfaat.,Rp 490.000
113,it,ICPC Asia Jakarta Regional Contest 2024,icpc.global,01-03-2024,31-03-2024,Asia,International Collegiate Programming Contest,6282267891234,Kontes regional Asia dari International Collegiate Programming Contest (ICPC) yang menguji keterampilan pemrograman dan pemecahan masalah mahasiswa.,Rp 300.000
114,it,Indonesia Inventors Day,iysa.or.id,01-02-2024,01-05-2024,Nasional,Indonesian Young Scientist Association (IYSA),6281778901234,"Acara yang merayakan inovasi dan penemuan di Indonesia, dengan berbagai kompetisi dan pameran oleh para penemu dan inovator.",Rp 220.000
115,it,Hackathon Merdeka,hackathonmerdeka.id,15-02-2024,15-03-2024,Nasional,Kominfo,6281789012345,Hackathon yang diadakan untuk merayakan kemerdekaan dengan menantang peserta untuk menciptakan solusi teknologi inovatif.,Rp 410.000
116,it,Gemastik XVII 2024,https://gemastik.kemdikbud.go.id/,01-03-2024,15-05-2024,Nasional,Kementerian Pendidikan dan Kebudayaan RI,6281789023456,Kompetisi mahasiswa di bidang teknologi informasi dan komunikasi yang menampilkan berbagai cabang lomba untuk menguji kreativitas dan keterampilan teknologi peserta.,Rp 510.000
117,it,Huawei ICT Competition,huawei.com,01-04-2024,30-04-2024,Internasional,Huawei,6281789034567,Kompetisi yang menguji keterampilan peserta dalam bidang teknologi informasi dan komunikasi (ICT) dengan menggunakan teknologi Huawei.,Rp 520.000
118,it,Smart City App Hack,smartcityapphack.com,10-03-2024,10 -06-2024,Internasional,Smart City Hack,6281890123456,Hackathon yang berfokus pada pengembangan aplikasi untuk mendukung konsep kota pintar (smart city) dengan solusi teknologi.,Rp 530.000
119,it,Codeforces Global Round 2024,codeforces.com,01-01-2024,31-12-2024,Internasional,Codeforces,6281890134567,"Kompetisi pemrograman tingkat global yang diadakan oleh Codeforces, menantang peserta untuk menyelesaikan tantangan algoritma.",Rp 540.000
120,it,Innovative Design Challenge 2024,ieee.org,20-02-2024,20-04-2024,Internasional,Institute of Electrical and Electronics Engineers,6281890145678,Lomba yang menguji kreativitas peserta dalam merancang solusi desain yang inovatif untuk berbagai tantangan.,Rp 550.000
121,videografi,International Video Contest,info@globalfilmfestival.org,01-01-2024,31-01-2024,Internasional,Global Film Festival,6281890156789,"Kompetisi video internasional yang meminta peserta untuk membuat video dengan tema tertentu, dinilai berdasarkan kreativitas dan kualitas produksi.",Rp 560.000
122,videografi,Documentary Film Competition,contact@docassn.org,05-01-2024,28-02-2024,Nasional,National Documentary Association,6281901234567,Lomba yang menilai kemampuan peserta dalam membuat film dokumenter yang informatif dan menarik.,Rp 570.000
123,videografi,Creative Video Challenge,info@creativemediahub.com,10-01-2024,15-03-2024,Nasional,Creative Media Hub,6281901234568,Kompetisi yang menantang peserta untuk membuat video yang kreatif dengan tema atau batasan tertentu.,Rp 580.000
124,videografi,Educational Video Contest,edu@mediafoundation.org,15-01-2024,15-04-2024,Nasional,Educational Media Foundation,6281901234569,Lomba yang mengharuskan peserta untuk membuat video edukatif yang dapat digunakan sebagai materi pembelajaran.,Rp 590.000
125,videografi,Social Issues Video Contest,socialimpact@network.org,01-02-2024,30-04-2024,Internasional,Social Impact Network,6281901234570,"Kompetisi video yang fokus pada isu-isu sosial, meminta peserta untuk membuat video yang mengangkat dan membahas masalah sosial tertentu.",Rp 600.000
126,videografi,Art and Video Showcase,showcase@visualarts.org,10-02-2024,15-05-2024,Nasional,Visual Arts Society,6282001234567,"Acara pameran yang menampilkan karya seni dan video, menggabungkan berbagai bentuk ekspresi kreatif.",Rp 610.000
127,videografi,Tech Video Challenge,techconference@innovations.org,01-03-2024,30-06-2024,Internasional,Tech Innovations Conference,6282012345678,"Kompetisi yang menilai video terkait teknologi, baik itu demonstrasi teknologi baru, tutorial, atau konten teknologi lainnya.",Rp 620.000
128,videografi,Short Film Competition,shortfilmfest@organization.org,15-03-2024,15-07-2024,Nasional,Short Film Festival,6282012345679,"Kompetisi yang mengundang peserta untuk membuat film pendek dengan durasi tertentu, dinilai berdasarkan kreativitas, penyampaian cerita, dan kualitas produksi.",Rp 630.000
129,videografi,Humanities Video Contest,contact@humanitiesarts.org,01-04-2024,31-07-2024,Internasional,Humanities and Arts Institute,6282023456780,"Lomba video yang fokus pada tema humaniora, meminta peserta untuk membuat video yang membahas atau menginterpretasikan aspek-aspek dalam studi humaniora.",Rp 640.000
130,videografi,Health Awareness Video Contest,healthfoundation@education.org,10-04-2024,15-08-2024,Nasional,Health Education Foundation,6282123456789,"Kompetisi video yang bertujuan untuk meningkatkan kesadaran kesehatan, di mana peserta membuat video yang mengedukasi atau mempromosikan pesan kesehatan.",Rp 650.000
131,poster,Poster Design Competition,info@komunitasdesain.org,01-01-2024,31-01-2024,Nasional,Komunitas Desain Grafis,6282134567890,"Kompetisi yang menilai keterampilan peserta dalam merancang poster, termasuk elemen grafis, tata letak, dan pesan yang disampaikan.",Rp 660.000
132,poster,National Poster Contest,contact@asosiseni.org,05-01-2024,25-02-2024,Nasional,Asosiasi Seni Rupa Indonesia,6282145678901,"Lomba desain poster tingkat nasional, di mana peserta dari seluruh negara bersaing untuk menghasilkan poster terbaik dalam berbagai kategori atau tema.",Rp 670.000
133,poster,Eco-Poster Challenge,greenart@foundation.org,10-01-2024,20-02-2024,Internasional,Green Art Foundation,6282156789012,"Kompetisi desain poster yang fokus pada tema lingkungan dan keberlanjutan, meminta peserta untuk menciptakan poster yang mempromosikan kesadaran ekologis.",Rp 680.000
134,poster,Creative Poster Showcase,showcase@universitas.com,15-01-2024,15-03-2024,Nasional,Universitas Kreatif,6282234567890,"Pameran yang menampilkan poster-poster kreatif, di mana peserta menunjukkan kemampuan desain mereka dengan poster yang unik dan inovatif.",Rp 690.000
135,poster,Global Poster Awards,globalawards@designcouncil.org,01-02-2024,30-03-2024,Internasional,International Design Council,6282345678901,"Penghargaan internasional untuk desain poster, di mana peserta dari berbagai negara bersaing dalam kategori poster global.",Rp 700.000
136,poster,Visual Arts Poster Competition,info@visualartsacademy.edu,10-02-2024,10-04-2024,Nasional,Visual Arts Academy,6282456789012,"Lomba desain poster yang menekankan pada seni visual, di mana peserta diminta untuk menciptakan poster yang menonjol dalam aspek artistik dan visual.",Rp 710.000
137,poster,Poster Innovation Contest,contact@designinnovators.com,01-03-2024,15-05-2024,Nasional,Design Innovators Inc.,6282567890123,"Kompetisi yang menilai inovasi dalam desain poster, mencari solusi kreatif dan baru dalam penyampaian pesan melalui poster.",Rp 720.000
138,poster,Art and Design Poster Competition,artnetwork@globalart.org,15-03-2024,30-05-2024,Internasional,Global Art Network,6282678901234,"Lomba desain poster yang menggabungkan seni dan desain, menilai bagaimana kedua elemen tersebut digabungkan dalam karya poster.",Rp 730.000
139,poster,Digital Poster Design Challenge,digitalhub@design.org,01-04-2024,01-06-2024,Nasional,Digital Design Hub,6282789012345,"Kompetisi yang menguji keterampilan peserta dalam mendesain poster secara digital, menggunakan perangkat lunak desain grafis.",Rp 740.000
140,poster,Poster Art Contest,artenthusiasts@association.org,10-04-2024,30-06-2024,Nasional,Art Enthusiasts Association,6282890123456,Lomba seni poster yang menilai kemampuan peserta dalam menciptakan karya seni poster dengan kualitas artistik yang tinggi.,Rp 750.000
141,essay,National Essay Writing Contest,info@pnfoundation.org,01-01-2024,31-01-2024,Nasional,Pendidikan Nasional Foundation,6282901234567,"Kompetisi menulis esai tingkat nasional, di mana peserta bersaing untuk menghasilkan esai terbaik dalam berbagai tema atau kategori.",Rp 330.000
142,essay,Social Issues Essay Competition,contact@socialchange.org,05-01-2024,28-02-2024,Internasional,Global Social Change Network,6283012345678,"Lomba menulis esai yang fokus pada isu-isu sosial, meminta peserta untuk menguraikan dan menganalisis masalah sosial tertentu dalam esai mereka.",Rp 350.000
143,essay,Environmental Essay Challenge,greenearth@organization.org,10-01-2024,15-03-2024,Nasional,Green Earth Organization,6283123456789,"Kompetisi esai yang berfokus pada isu lingkungan, di mana peserta menulis esai mengenai tantangan dan solusi terkait dengan pelestarian lingkungan.",Rp 400.000
144,essay,Economic Insights Essay Contest,ieforum@economic.org,15-01-2024,15-04-2024,Internasional,International Economic Forum,6283234567890,"Lomba esai yang menilai pemahaman dan analisis peserta tentang isu-isu ekonomi, termasuk kebijakan, teori, dan praktik ekonomi.",Rp 300.000
145,essay,Political Analysis Essay Competition,contact@politicalstudies.edu,01-02-2024,30-04-2024,Nasional,Political Studies Institute,6283345678901,Kompetisi menulis esai yang menguji kemampuan peserta dalam menganalisis isu politik dan kebijakan dalam bentuk esai.,Rp 230.000
146,essay,Technology Impact Essay Challenge,techcenter@innovations.org,10-02-2024,15-05-2024,Internasional,Tech Innovations Center,6283456789012,"Lomba esai yang berfokus pada dampak teknologi terhadap masyarakat, meminta peserta untuk mengeksplorasi efek teknologi dalam berbagai aspek kehidupan.",Rp 520.000
147,essay,Health and Wellness Essay Contest,healthwellness@foundation.org,01-03-2024,15-06-2024,Nasional,Health and Wellness Foundation,6283567890123,"Kompetisi esai yang menilai tulisan peserta mengenai kesehatan dan kesejahteraan, termasuk aspek fisik, mental, dan emosional.",Rp 330.000
148,essay,Education Reform Essay Competition,educationreform@alliance.org,15-03-2024,30-06-2024,Nasional,Education Reform Alliance,6283678901234,"Lomba esai yang meminta peserta untuk menulis tentang reformasi pendidikan, dengan fokus pada ide-ide inovatif dan solusi untuk perbaikan sistem pendidikan.",Rp 350.000
149,essay,Legal Studies Essay Contest,globallegal@studies.org,01-04-2024,15-07-2024,Internasional,Global Legal Studies Network,6283789012345,"Kompetisi menulis esai yang berfokus pada studi hukum, di mana peserta menulis esai tentang isu-isu hukum, teori, atau praktik.",Rp 300.000
150,essay,Humanities Essay Challenge,info@humanitiesassoc.org,10-04-2024,31-07-2024,Nasional,Humanities Association,6283890123456,"Lomba esai yang menilai pemahaman dan analisis peserta tentang topik-topik dalam bidang humaniora, seperti sejarah, filsafat, atau sastra.",Rp 200.000